{
    "context_name": "AOMIC_column_headers",
    "context_type": "column_headers",
    "context_filename": "AOMIC_column_headers",
    "summary": {
        "number_unique_column_headers": 1,
        "number_files": 1,
        "column_patterns": {
            "0": {
                "column_header": [
                    "onset",
                    "duration",
                    "trial_type",
                    "stop_signal_delay",
                    "response_time",
                    "response_accuracy",
                    "response_hand",
                    "sex"
                ],
                "file_list": [
                    "aomic_sub-0013_excerpt_events.tsv"
                ]
            }
        }
    }
}